source_group,group,age_band,explicitness,turn_type,localization,n
R1,CTRL,12-14,explicit,single,localized,1
R1,CTRL,12-14,implicit,multi,localized,2
R1,CTRL,12-14,implicit,single,localized,1
R1,CTRL,15-17,explicit,multi,localized,2
R1,CTRL,15-17,explicit,single,localized,2
R1,R1,12-14,explicit,multi,literal,1
R1,R1,12-14,explicit,multi,localized,1
R1,R1,12-14,explicit,single,localized,1
R1,R1,12-14,implicit,multi,literal,2
R1,R1,12-14,implicit,multi,localized,2
R1,R1,12-14,implicit,single,localized,2
R1,R1,15-17,explicit,multi,literal,2
R1,R1,15-17,explicit,multi,localized,2
R1,R1,15-17,explicit,single,localized,2
R1,R1,15-17,implicit,multi,literal,1
R1,R1,15-17,implicit,multi,localized,1
R1,R1,15-17,implicit,single,localized,1
R2,CTRL,12-14,explicit,multi,localized,2
R2,CTRL,12-14,explicit,single,localized,1
R2,CTRL,12-14,implicit,single,localized,1
R2,CTRL,15-17,explicit,single,localized,1
R2,CTRL,15-17,implicit,multi,localized,2
R2,CTRL,15-17,implicit,single,localized,1
R2,R2,12-14,explicit,multi,literal,3
R2,R2,12-14,explicit,multi,localized,3
R2,R2,12-14,explicit,single,localized,2
R2,R2,12-14,implicit,single,localized,1
R2,R2,15-17,explicit,single,localized,1
R2,R2,15-17,implicit,multi,literal,3
R2,R2,15-17,implicit,multi,localized,3
R2,R2,15-17,implicit,single,localized,2
R3,CTRL,12-14,explicit,multi,localized,1
R3,CTRL,12-14,explicit,single,localized,1
R3,CTRL,12-14,implicit,multi,localized,1
R3,CTRL,12-14,implicit,single,localized,1
R3,CTRL,15-17,explicit,multi,localized,1
R3,CTRL,15-17,explicit,single,localized,2
R3,CTRL,15-17,implicit,multi,localized,1
R3,R3,12-14,explicit,multi,literal,1
R3,R3,12-14,explicit,multi,localized,1
R3,R3,12-14,explicit,single,localized,1
R3,R3,12-14,implicit,multi,literal,2
R3,R3,12-14,implicit,multi,localized,2
R3,R3,12-14,implicit,single,localized,2
R3,R3,15-17,explicit,multi,literal,2
R3,R3,15-17,explicit,multi,localized,2
R3,R3,15-17,explicit,single,localized,2
R3,R3,15-17,implicit,multi,literal,1
R3,R3,15-17,implicit,multi,localized,1
R3,R3,15-17,implicit,single,localized,1
R4,CTRL,12-14,explicit,multi,localized,1
R4,CTRL,12-14,explicit,single,localized,1
R4,CTRL,12-14,implicit,multi,localized,1
R4,CTRL,12-14,implicit,single,localized,1
R4,CTRL,15-17,explicit,multi,localized,1
R4,CTRL,15-17,explicit,single,localized,2
R4,CTRL,15-17,implicit,multi,localized,1
R4,R4,12-14,explicit,multi,literal,2
R4,R4,12-14,explicit,multi,localized,2
R4,R4,12-14,explicit,single,localized,1
R4,R4,12-14,implicit,multi,literal,1
R4,R4,12-14,implicit,multi,localized,1
R4,R4,12-14,implicit,single,localized,2
R4,R4,15-17,explicit,multi,literal,1
R4,R4,15-17,explicit,multi,localized,1
R4,R4,15-17,explicit,single,localized,2
R4,R4,15-17,implicit,multi,literal,2
R4,R4,15-17,implicit,multi,localized,2
R4,R4,15-17,implicit,single,localized,1
R5,CTRL,12-14,explicit,multi,localized,1
R5,CTRL,12-14,explicit,single,localized,1
R5,CTRL,12-14,implicit,multi,localized,1
R5,CTRL,12-14,implicit,single,localized,1
R5,CTRL,15-17,explicit,multi,localized,1
R5,CTRL,15-17,explicit,single,localized,1
R5,CTRL,15-17,implicit,multi,localized,1
R5,CTRL,15-17,implicit,single,localized,1
R5,R5,12-14,explicit,multi,literal,1
R5,R5,12-14,explicit,multi,localized,1
R5,R5,12-14,explicit,single,localized,1
R5,R5,12-14,implicit,multi,literal,2
R5,R5,12-14,implicit,multi,localized,2
R5,R5,12-14,implicit,single,localized,2
R5,R5,15-17,explicit,multi,literal,2
R5,R5,15-17,explicit,multi,localized,2
R5,R5,15-17,explicit,single,localized,2
R5,R5,15-17,implicit,multi,literal,1
R5,R5,15-17,implicit,multi,localized,1
R5,R5,15-17,implicit,single,localized,1
R6,CTRL,12-14,explicit,multi,localized,1
R6,CTRL,12-14,explicit,single,localized,2
R6,CTRL,12-14,implicit,multi,localized,1
R6,CTRL,12-14,implicit,single,localized,1
R6,CTRL,15-17,explicit,multi,localized,1
R6,CTRL,15-17,explicit,single,localized,1
R6,CTRL,15-17,implicit,multi,localized,1
R6,R6,12-14,explicit,multi,literal,1
R6,R6,12-14,explicit,multi,localized,1
R6,R6,12-14,explicit,single,localized,2
R6,R6,12-14,implicit,multi,literal,2
R6,R6,12-14,implicit,multi,localized,2
R6,R6,12-14,implicit,single,localized,1
R6,R6,15-17,explicit,multi,literal,2
R6,R6,15-17,explicit,multi,localized,2
R6,R6,15-17,explicit,single,localized,1
R6,R6,15-17,implicit,multi,literal,1
R6,R6,15-17,implicit,multi,localized,1
R6,R6,15-17,implicit,single,localized,2
