model_dir,condition,n_replies,n_start,n_plan_first300,n_flagged
LGAI-EXAONE-EXAONE-4.0-32B-AWQ,main,564,0,0,0
LGAI-EXAONE-EXAONE-4.0-32B-AWQ,repeat_1,116,0,0,0
LGAI-EXAONE-EXAONE-4.0-32B-AWQ,repeat_2,116,0,0,0
LGAI-EXAONE-EXAONE-4.0-32B-AWQ,repeat_3,116,0,2,2
Qwen-Qwen2.5-14B-Instruct,main,564,0,0,0
Qwen-Qwen2.5-14B-Instruct,repeat_1,116,0,0,0
Qwen-Qwen2.5-14B-Instruct,repeat_2,116,0,0,0
Qwen-Qwen2.5-14B-Instruct,repeat_3,116,0,0,0
RedHatAI-gemma-3-27b-it-quantized.w4a16,main,564,0,1,1
RedHatAI-gemma-3-27b-it-quantized.w4a16,repeat_1,116,0,0,0
RedHatAI-gemma-3-27b-it-quantized.w4a16,repeat_2,116,0,0,0
RedHatAI-gemma-3-27b-it-quantized.w4a16,repeat_3,116,0,0,0
kakaocorp-kanana-1.5-8b-instruct-2505,main,564,0,0,0
kakaocorp-kanana-1.5-8b-instruct-2505,repeat_1,116,0,0,0
kakaocorp-kanana-1.5-8b-instruct-2505,repeat_2,116,0,0,0
kakaocorp-kanana-1.5-8b-instruct-2505,repeat_3,116,0,0,0
naver-hyperclovax-HyperCLOVAX-SEED-Think-14B,main,564,28,4,30
naver-hyperclovax-HyperCLOVAX-SEED-Think-14B,repeat_1,116,6,1,7
naver-hyperclovax-HyperCLOVAX-SEED-Think-14B,repeat_2,116,10,1,10
naver-hyperclovax-HyperCLOVAX-SEED-Think-14B,repeat_3,116,0,0,0
