labeling,arm,n_rows,n_events,n_scenarios,n_starts,sd_median,sd_min,sd_max,sigma2_u_median,log_or_median,vcp_p,fe_p
S0,risk,240,48,24,20,2.1817729146455065,2.181772162196644,2.181773980171523,4.760133051080748,1.7067071845362491,1.0,2.0
S0,benign,240,21,24,20,0.8854983155830585,0.885497476976238,0.8854988265865641,0.7841072669004339,2.273027089059501,1.0,2.0
S1,risk,231,48,24,20,2.187803730646139,2.187803185509943,2.1878059612246785,4.786485163829163,1.681447831486964,1.0,2.0
S1,benign,177,4,24,20,1.1876349820575154,1.1876341392566558,1.187636410504288,1.4104768506067549,0.7020290166713248,1.0,2.0
S2,risk,240,48,24,20,2.1817729146455065,2.181772162196644,2.181773980171523,4.760133051080748,1.7067071845362491,1.0,2.0
S2,benign,207,4,24,20,1.1317463946455462,1.1317451323614964,1.1317505721387722,1.2808499017931922,0.8935497923180902,1.0,2.0
S3,risk,240,48,24,20,2.1817729146455065,2.181772162196644,2.181773980171523,4.760133051080748,1.7067071845362491,1.0,2.0
S3,benign,240,4,24,20,1.1689629594495776,1.1689622163639048,1.168963572307026,1.3664744005651148,0.8925220312347988,1.0,2.0
R1,risk,240,48,24,20,2.1817729146455065,2.181772162196644,2.181773980171523,4.760133051080748,1.7067071845362491,1.0,2.0
R1,benign,240,20,24,20,0.9845201433530983,0.9845192735208587,0.9845212162111068,0.9692799126680053,2.228961854631141,1.0,2.0
R2,risk,240,48,24,20,2.1817729146455065,2.181772162196644,2.181773980171523,4.760133051080748,1.7067071845362491,1.0,2.0
R2,benign,240,5,24,20,1.0448588711651148,1.0448581345874839,1.0448610439494124,1.0917300606524378,1.1292186566947788,1.0,2.0
