set,statistic,value,ci_lo,ci_hi,n_views,n_clusters
main_5_runs,AC2_D1,0.6303443905644911,0.5826640636550109,0.6779377012062116,1980,540
main_5_runs,AC2_D2,0.6686274571780118,0.6269463851742347,0.710004429965061,1980,540
main_5_runs,AC2_D3,0.6598666179006621,0.617016804684909,0.7026085531907718,1980,540
main_5_runs,AC2_D4,0.5043328899636345,0.454139385416487,0.5540141562710241,1980,540
main_5_runs,AC2_D5,0.450555837075304,0.4199522286946922,0.4819337147422996,1980,540
main_5_runs,AC2_D6,0.6950673024960914,0.6541389737403392,0.7338904337267513,1980,540
main_5_runs,CF_mean_pairwise_agreement,0.8281144781144781,0.8110729808826479,0.8460779597976339,1980,540
main_5_runs,CF_PA,0.5561871447310888,0.5007725227894813,0.6033301331701275,1980,540
main_5_runs,CF_NA,0.8928985966023003,0.8798857043771825,0.9056535190949023,1980,540
all_20_runs,AC2_D1,0.6269587613959144,0.5863709100783997,0.6648256481913429,3195,855
all_20_runs,AC2_D2,0.6669291695366395,0.6309510212990047,0.699876490919538,3195,855
all_20_runs,AC2_D3,0.6645480861641807,0.629401842689771,0.6969494304956249,3195,855
all_20_runs,AC2_D4,0.48727239156882496,0.44356891046621605,0.5276186844293882,3195,855
all_20_runs,AC2_D5,0.44436206493627123,0.4216320652556563,0.46810600665457586,3195,855
all_20_runs,AC2_D6,0.6940924309626039,0.661074803280231,0.7244536979116388,3195,855
all_20_runs,CF_mean_pairwise_agreement,0.822848200312989,0.8086234439620584,0.8370491672243657,3195,855
all_20_runs,CF_PA,0.5357142857142857,0.4920803683140444,0.5742944446627923,3195,855
all_20_runs,CF_NA,0.8900741511643033,0.8793705371927173,0.9000763574248972,3195,855
